{
  "slug": "electraica",
  "analysis": {
    "bbox_min": [
      -0.39163821935653687,
      -0.20040124654769897,
      0.0
    ],
    "bbox_max": [
      0.39163821935653687,
      0.20040124654769897,
      0.9992009401321411
    ],
    "height": 0.9992009401321411,
    "arm_L": {
      "centroid": [
        -0.27205905318260193,
        -0.01004131231456995,
        0.40842586755752563
      ],
      "tip": [
        -0.38073956966400146,
        -0.01657496765255928,
        0.3014506697654724
      ],
      "count": 877
    },
    "arm_R": {
      "centroid": [
        0.27880483865737915,
        -0.006014328915625811,
        0.39203178882598877
      ],
      "tip": [
        0.38062161207199097,
        -0.01482884306460619,
        0.29986125230789185
      ],
      "count": 809
    },
    "leg_L": {
      "centroid": [
        -0.1451834887266159,
        -0.018483944237232208,
        0.036393728107213974
      ],
      "toe": [
        -0.15404655039310455,
        -0.09016275405883789,
        0.003220289945602417
      ],
      "count": 741
    },
    "leg_R": {
      "centroid": [
        0.1444857120513916,
        -0.016977878287434578,
        0.04160111024975777
      ],
      "toe": [
        0.1534736156463623,
        -0.08947334438562393,
        0.00582045316696167
      ],
      "count": 730
    }
  },
  "skin": {
    "unweighted_verts": 0,
    "vert_count": 6570,
    "used_proximity_fallback": false,
    "bone_weight_totals": {
      "Chest": 59.9,
      "Crown": 337.1,
      "Foot.L": 305.7,
      "Foot.R": 269.1,
      "Hand.L": 8.3,
      "Hand.R": 7.0,
      "Head": 2296.9,
      "Hips": 93.8,
      "LowerArm.L": 268.2,
      "LowerArm.R": 243.6,
      "LowerLeg.L": 317.2,
      "LowerLeg.R": 303.3,
      "Neck": 6.1,
      "Shoulder.L": 374.0,
      "Shoulder.R": 351.9,
      "Spine": 186.9,
      "UpperArm.L": 333.2,
      "UpperArm.R": 303.0,
      "UpperLeg.L": 261.7,
      "UpperLeg.R": 243.1
    },
    "stretch_fix": {
      "component_count": 1,
      "rounds": [
        {
          "round": 0,
          "bad_components": 0,
          "body_stretch": true
        },
        {
          "round": 1,
          "bad_components": 0,
          "body_stretch": true
        },
        {
          "round": 2,
          "bad_components": 0,
          "body_stretch": true
        }
      ],
      "rigidified": 0
    }
  }
}