{
  "slug": "fire-boy",
  "analysis": {
    "bbox_min": [
      -0.32384419441223145,
      -0.19292029738426208,
      0.0
    ],
    "bbox_max": [
      0.32384419441223145,
      0.19292029738426208,
      0.9995958209037781
    ],
    "height": 0.9995958209037781,
    "arm_L": {
      "centroid": [
        -0.23351740837097168,
        0.002223938936367631,
        0.4084133803844452
      ],
      "tip": [
        -0.30611956119537354,
        -0.0131425391882658,
        0.2664194703102112
      ],
      "count": 588
    },
    "arm_R": {
      "centroid": [
        0.23027630150318146,
        0.003952161408960819,
        0.41540706157684326
      ],
      "tip": [
        0.31002649664878845,
        -0.0037225116975605488,
        0.2706133723258972
      ],
      "count": 629
    },
    "leg_L": {
      "centroid": [
        -0.11839407682418823,
        0.0069326376542449,
        0.06139445677399635
      ],
      "toe": [
        -0.12470495700836182,
        -0.05936173349618912,
        0.01894637942314148
      ],
      "count": 287
    },
    "leg_R": {
      "centroid": [
        0.12178602814674377,
        0.011674744077026844,
        0.05950264260172844
      ],
      "toe": [
        0.12775567173957825,
        -0.046115942299366,
        0.00927954912185669
      ],
      "count": 288
    }
  },
  "skin": {
    "unweighted_verts": 0,
    "vert_count": 3311,
    "used_proximity_fallback": false,
    "bone_weight_totals": {
      "Chest": 6.8,
      "Crown": 139.5,
      "Foot.L": 102.2,
      "Foot.R": 101.5,
      "Hand.L": 7.4,
      "Hand.R": 8.8,
      "Head": 850.7,
      "Hips": 105.7,
      "LowerArm.L": 129.9,
      "LowerArm.R": 128.9,
      "LowerLeg.L": 130.0,
      "LowerLeg.R": 125.7,
      "Neck": 21.5,
      "Shoulder.L": 268.8,
      "Shoulder.R": 279.8,
      "Spine": 120.8,
      "UpperArm.L": 212.3,
      "UpperArm.R": 245.5,
      "UpperLeg.L": 157.3,
      "UpperLeg.R": 167.9
    },
    "stretch_fix": {
      "component_count": 1,
      "rounds": [
        {
          "round": 0,
          "bad_components": 0,
          "body_stretch": true
        },
        {
          "round": 1,
          "bad_components": 0,
          "body_stretch": true
        },
        {
          "round": 2,
          "bad_components": 0,
          "body_stretch": true
        }
      ],
      "rigidified": 0
    }
  }
}