{
  "slug": "shark-girl",
  "analysis": {
    "bbox_min": [
      -0.41643309593200684,
      -0.17533329129219055,
      0.0
    ],
    "bbox_max": [
      0.41643309593200684,
      0.17533329129219055,
      1.000172734260559
    ],
    "height": 1.000172734260559,
    "arm_L": {
      "centroid": [
        -0.3004852533340454,
        -0.004023223649710417,
        0.4311750531196594
      ],
      "tip": [
        -0.34755784273147583,
        -0.013684399425983429,
        0.24155500531196594
      ],
      "count": 480
    },
    "arm_R": {
      "centroid": [
        0.29751938581466675,
        0.0068431515246629715,
        0.4411808252334595
      ],
      "tip": [
        0.33345043659210205,
        -0.0032924592960625887,
        0.24401593208312988
      ],
      "count": 449
    },
    "leg_L": {
      "centroid": [
        -0.13239642977714539,
        -0.01697522960603237,
        0.06843768805265427
      ],
      "toe": [
        -0.14229285717010498,
        -0.07766113430261612,
        0.006126910448074341
      ],
      "count": 443
    },
    "leg_R": {
      "centroid": [
        0.14734303951263428,
        -0.021221162751317024,
        0.0765380784869194
      ],
      "toe": [
        0.13220080733299255,
        -0.09507221728563309,
        0.006310909986495972
      ],
      "count": 583
    }
  },
  "skin": {
    "unweighted_verts": 0,
    "vert_count": 4412,
    "used_proximity_fallback": false,
    "bone_weight_totals": {
      "Chest": 6.3,
      "Crown": 169.0,
      "Foot.L": 143.6,
      "Foot.R": 156.6,
      "Hand.L": 39.0,
      "Hand.R": 61.8,
      "Head": 785.1,
      "Hips": 153.0,
      "LowerArm.L": 171.0,
      "LowerArm.R": 180.7,
      "LowerLeg.L": 185.5,
      "LowerLeg.R": 260.4,
      "Neck": 43.7,
      "Shoulder.L": 501.2,
      "Shoulder.R": 485.4,
      "Spine": 181.3,
      "UpperArm.L": 244.3,
      "UpperArm.R": 242.1,
      "UpperLeg.L": 192.2,
      "UpperLeg.R": 209.8
    },
    "stretch_fix": {
      "component_count": 1,
      "rounds": [
        {
          "round": 0,
          "bad_components": 0,
          "body_stretch": true
        },
        {
          "round": 1,
          "bad_components": 0,
          "body_stretch": true
        },
        {
          "round": 2,
          "bad_components": 0,
          "body_stretch": true
        }
      ],
      "rigidified": 0
    }
  }
}