{
  "slug": "squeaky",
  "analysis": {
    "bbox_min": [
      -0.4936372637748718,
      -0.30736154317855835,
      0.0
    ],
    "bbox_max": [
      0.4936372637748718,
      0.30736154317855835,
      0.999609112739563
    ],
    "height": 0.999609112739563,
    "arm_L": {
      "centroid": [
        -0.34010547399520874,
        0.03150630742311478,
        0.4038122892379761
      ],
      "tip": [
        -0.3658343553543091,
        0.034980885684490204,
        0.2741239666938782
      ],
      "count": 443
    },
    "arm_R": {
      "centroid": [
        0.3415025472640991,
        0.04477430880069733,
        0.4088975787162781
      ],
      "tip": [
        0.37745392322540283,
        0.04782203212380409,
        0.2881636321544647
      ],
      "count": 458
    },
    "leg_L": {
      "centroid": [
        -0.13821104168891907,
        0.06094495952129364,
        0.05604297295212746
      ],
      "toe": [
        -0.14947371184825897,
        -0.009005982428789139,
        0.012584894895553589
      ],
      "count": 319
    },
    "leg_R": {
      "centroid": [
        0.15944194793701172,
        0.063691146671772,
        0.05626063048839569
      ],
      "toe": [
        0.1565924733877182,
        -0.0060173021629452705,
        0.012273818254470825
      ],
      "count": 332
    }
  },
  "skin": {
    "unweighted_verts": 0,
    "vert_count": 4521,
    "used_proximity_fallback": false,
    "bone_weight_totals": {
      "Chest": 35.8,
      "Crown": 148.9,
      "Foot.L": 112.6,
      "Foot.R": 112.7,
      "Hand.L": 5.4,
      "Hand.R": 4.8,
      "Head": 1614.6,
      "Hips": 71.6,
      "LowerArm.L": 150.4,
      "LowerArm.R": 151.1,
      "LowerLeg.L": 159.6,
      "LowerLeg.R": 176.4,
      "Neck": 103.2,
      "Shoulder.L": 429.7,
      "Shoulder.R": 473.8,
      "Spine": 134.7,
      "UpperArm.L": 92.0,
      "UpperArm.R": 125.6,
      "UpperLeg.L": 212.9,
      "UpperLeg.R": 205.2
    },
    "stretch_fix": {
      "component_count": 1,
      "rounds": [
        {
          "round": 0,
          "bad_components": 0,
          "body_stretch": true
        },
        {
          "round": 1,
          "bad_components": 0,
          "body_stretch": true
        },
        {
          "round": 2,
          "bad_components": 0,
          "body_stretch": true
        }
      ],
      "rigidified": 0
    }
  }
}