{"encoded": 25, "total": 480, "cache_hits": 0}
{"encoded": 50, "total": 480, "cache_hits": 0}
{"encoded": 75, "total": 480, "cache_hits": 0}
{"encoded": 100, "total": 480, "cache_hits": 0}
{"encoded": 125, "total": 480, "cache_hits": 0}
{"encoded": 150, "total": 480, "cache_hits": 0}
{"encoded": 175, "total": 480, "cache_hits": 0}
{"encoded": 200, "total": 480, "cache_hits": 0}
{"encoded": 225, "total": 480, "cache_hits": 0}
{"encoded": 250, "total": 480, "cache_hits": 0}
{"encoded": 275, "total": 480, "cache_hits": 0}
{"encoded": 300, "total": 480, "cache_hits": 0}
{"encoded": 325, "total": 480, "cache_hits": 0}
{"encoded": 350, "total": 480, "cache_hits": 0}
{"encoded": 375, "total": 480, "cache_hits": 0}
{"encoded": 400, "total": 480, "cache_hits": 0}
{"encoded": 425, "total": 480, "cache_hits": 0}
{"encoded": 450, "total": 480, "cache_hits": 0}
{"encoded": 475, "total": 480, "cache_hits": 0}
{
  "checkpoint": "/workspace/fireboy-vla-physics/build/checkpoints/fireboy_minicpm_vla_action_head_go_to_point_rootvel_480/minicpm_vla_action_head.pt",
  "model_id": "openbmb/MiniCPM-V-4.6",
  "rows": 480,
  "train_rows": 422,
  "val_rows": 58,
  "device": "cuda",
  "task_filter": [
    "go_to_point"
  ],
  "vl_dim": 1024,
  "state_dim": 42,
  "output_dim": 32,
  "chunk_steps": 1,
  "head_architecture": "state_residual_fusion_v1",
  "vl_residual_scale": 0.0,
  "action_std_floor": 0.01,
  "action_target_mode": "root_velocity_v1",
  "root_velocity_max_step_m": 0.035,
  "cache_hits": 0,
  "losses": [
    0.006755467038601637,
    0.0061752526089549065,
    0.0036585573107004166,
    0.0044851768761873245,
    0.005021458026021719,
    0.0031410790979862213,
    0.0047115180641412735,
    0.0047898804768919945,
    0.0046891868114471436,
    0.003474700264632702
  ],
  "val_losses": [
    0.009687989018857479,
    0.009306146763265133,
    0.009394560940563679,
    0.00952248927205801,
    0.008770547807216644,
    0.008618426509201527,
    0.008769555017352104,
    0.008666833862662315,
    0.008806679397821426,
    0.008195067755877972
  ]
}
